instance_key,k,m0_db_cost,m0_energy,m1_db_cost,m1_energy,m2_db_cost,m2_energy
TREE_graph__60relations__32,1,200207107038845850965285738687905983897519319316300731899806076155039192322525670808244408487042077702488064,10658977.518400542,200207107038845850965285738687905983897519319316300731899806076155039192322525670808244408487042077702488064,10658977.518400542,200207107038845850965285738687905983897519319316300731899806076155039192322525670808244408487042077702488064,4536239.021802098
TREE_graph__60relations__32,2,200207107038845850965285738687905983897519319316300731899806076155039192322525670808244408487042077702488064,10658977.518400542,32692349532392734434999343240888164471580649771642018775226218641957888222159699968,10592095.362700514,200207107038845850965285738687905983897519319316300731899806076155039192322525670808244408487042077702488064,4536239.021802098
TREE_graph__60relations__32,3,200207107038845850965285738687905983897519319316300731899806076155039192322525670808244408487042077702488064,10658977.518400542,32692349532392734434999343240888164471580649771642018775226218641957888222159699968,10592095.362700514,200207107038845850965285738687905983897519319316300731899806076155039192322525670808244408487042077702488064,4536239.021802098
TREE_graph__60relations__32,4,200207107038845850965285738687905983897519319316300731899806076155039192322525670808244408487042077702488064,10658977.518400542,32692349532392734434999343240888164471580649771642018775226218641957888222159699968,10592012.846400548,200207107038845850965285738687905983897519319316300731899806076155039192322525670808244408487042077702488064,4536239.021802098
TREE_graph__60relations__32,5,200207107038845850965285738687905983897519319316300731899806076155039192322525670808244408487042077702488064,10658977.518400542,32692349532392734434999343240888164471580649771642018775226218641957888222159699968,10585090.531600645,200207107038845850965285738687905983897519319316300731899806076155039192322525670808244408487042077702488064,4536239.021802098
TREE_graph__60relations__47,1,592471176796768919669981836680251882621224567798664809317395764918621169781186202057426356666368,10653783.797799654,592471176796768919669981836680251882621224567798664809317395764918621169781186202057426356666368,10653783.797799654,592471176796768919669981836680251882621224567798664809317395764918621169781186202057426356666368,4525786.390098136
TREE_graph__60relations__47,2,592471176796768919669981836680251882621224567798664809317395764918621169781186202057426356666368,10653783.797799654,9831005289968867240564017032992021358790227301760449702316922515444660484254181976178688,10590611.995899567,592471176796768919669981836680251882621224567798664809317395764918621169781186202057426356666368,4525786.390098136
TREE_graph__60relations__47,3,592471176796768919669981836680251882621224567798664809317395764918621169781186202057426356666368,10653783.797799654,9831005289968867240564017032992021358790227301760449702316922515444660484254181976178688,10589732.581599476,592471176796768919669981836680251882621224567798664809317395764918621169781186202057426356666368,4525786.390098136
TREE_graph__60relations__47,4,592471176796768919669981836680251882621224567798664809317395764918621169781186202057426356666368,10653783.797799654,9831005289968867240564017032992021358790227301760449702316922515444660484254181976178688,10586880.600699563,592471176796768919669981836680251882621224567798664809317395764918621169781186202057426356666368,4525786.390098136
TREE_graph__60relations__47,5,592471176796768919669981836680251882621224567798664809317395764918621169781186202057426356666368,10653783.797799654,9831005289968867240564017032992021358790227301760449702316922515444660484254181976178688,10585421.884899527,592471176796768919669981836680251882621224567798664809317395764918621169781186202057426356666368,4525786.390098136
TREE_graph__60relations__18,1,1928626498740114215837391603109304168189686978982008897822867969191677465887479306565657669323978719625216,10693620.143999897,1928626498740114215837391603109304168189686978982008897822867969191677465887479306565657669323978719625216,10693620.143999897,1928626498740114215837391603109304168189686978982008897822867969191677465887479306565657669323978719625216,4546334.444201235
TREE_graph__60relations__18,2,1928626498740114215837391603109304168189686978982008897822867969191677465887479306565657669323978719625216,10693620.143999897,1928626498740114215837391603109304168189686978982008897822867969191677465887479306565657669323978719625216,10693620.143999897,1928626498740114215837391603109304168189686978982008897822867969191677465887479306565657669323978719625216,4546334.444201235
TREE_graph__60relations__18,3,1928626498740114215837391603109304168189686978982008897822867969191677465887479306565657669323978719625216,10693620.143999897,1928626498740114215837391603109304168189686978982008897822867969191677465887479306565657669323978719625216,10692456.036299894,1928626498740114215837391603109304168189686978982008897822867969191677465887479306565657669323978719625216,4546334.444201235
TREE_graph__60relations__18,4,1928626498740114215837391603109304168189686978982008897822867969191677465887479306565657669323978719625216,10693620.143999897,1928626498740114215837391603109304168189686978982008897822867969191677465887479306565657669323978719625216,10691445.760599911,1928626498740114215837391603109304168189686978982008897822867969191677465887479306565657669323978719625216,4546334.444201235
TREE_graph__60relations__18,5,1928626498740114215837391603109304168189686978982008897822867969191677465887479306565657669323978719625216,10693620.143999897,1928626498740114215837391603109304168189686978982008897822867969191677465887479306565657669323978719625216,10690185.729399875,1928626498740114215837391603109304168189686978982008897822867969191677465887479306565657669323978719625216,4546334.444201235
TREE_graph__60relations__3,1,1220495530530788258317093827290255678813273532625579947037796084536917491837972753623190270260543488,10755091.427999306,1220495530530788258317093827290255678813273532625579947037796084536917491837972753623190270260543488,10755091.427999306,1220495530530788258317093827290255678813273532625579947037796084536917491837972753623190270260543488,4577186.624199643
TREE_graph__60relations__3,2,1220495530530788258317093827290255678813273532625579947037796084536917491837972753623190270260543488,10755091.427999306,2354953795438949142148876568817613650898327156747679925118275221162701408002968394921751790833077583872,10696512.93989926,1220495530530788258317093827290255678813273532625579947037796084536917491837972753623190270260543488,4577186.624199643
TREE_graph__60relations__3,3,1220495530530788258317093827290255678813273532625579947037796084536917491837972753623190270260543488,10755091.427999306,642202874675555658069120778034163971751759930395831364506116665963548032201895811083181867102263814465572915211492317462528,10648352.114899307,1220495530530788258317093827290255678813273532625579947037796084536917491837972753623190270260543488,4577186.624199643
TREE_graph__60relations__3,4,1220495530530788258317093827290255678813273532625579947037796084536917491837972753623190270260543488,10755091.427999306,244751297296426297623832723450994528203955817707060782921040471971520263081611999242616832000,10585942.666199341,1220495530530788258317093827290255678813273532625579947037796084536917491837972753623190270260543488,4577186.624199643
TREE_graph__60relations__3,5,1220495530530788258317093827290255678813273532625579947037796084536917491837972753623190270260543488,10755091.427999306,244751297296426297623832723450994528203955817707060782921040471971520263081611999242616832000,10585942.666199341,1220495530530788258317093827290255678813273532625579947037796084536917491837972753623190270260543488,4577186.624199643
TREE_graph__60relations__42,1,619671448764140454292122386070405134146266020166941808448943222663699005552073192014907913587067067564032,10942435.974399796,619671448764140454292122386070405134146266020166941808448943222663699005552073192014907913587067067564032,10942435.974399796,619671448764140454292122386070405134146266020166941808448943222663699005552073192014907913587067067564032,4555417.290899271
TREE_graph__60relations__42,2,619671448764140454292122386070405134146266020166941808448943222663699005552073192014907913587067067564032,10942435.974399796,619671448764140454292122386070405134146266020166941808448943222663699005552073192014907913587067067564032,10942435.974399796,619671448764140454292122386070405134146266020166941808448943222663699005552073192014907913587067067564032,4555417.290899271
TREE_graph__60relations__42,3,619671448764140454292122386070405134146266020166941808448943222663699005552073192014907913587067067564032,10942435.974399796,26157843747767684230466869902001734707258749308527805969304835372013661653053331008980516864,10895991.752699902,619671448764140454292122386070405134146266020166941808448943222663699005552073192014907913587067067564032,4555417.290899271
TREE_graph__60relations__42,4,619671448764140454292122386070405134146266020166941808448943222663699005552073192014907913587067067564032,10942435.974399796,26157843747767684230466869902001734707258749308527805969304835372013661653053331008980516864,10895991.752699902,619671448764140454292122386070405134146266020166941808448943222663699005552073192014907913587067067564032,4555417.290899271
TREE_graph__60relations__42,5,619671448764140454292122386070405134146266020166941808448943222663699005552073192014907913587067067564032,10942435.974399796,26157843747767684230466869902001734707258749308527805969304835372013661653053331008980516864,10894811.075399818,619671448764140454292122386070405134146266020166941808448943222663699005552073192014907913587067067564032,4555417.290899271
TREE_graph__60relations__22,1,89213528181128684748598107519498317868514414272072232072501518536279733271693095518339072,10638407.168999577,89213528181128684748598107519498317868514414272072232072501518536279733271693095518339072,10638407.168999577,89213528181128684748598107519498317868514414272072232072501518536279733271693095518339072,4541801.386600775
TREE_graph__60relations__22,2,89213528181128684748598107519498317868514414272072232072501518536279733271693095518339072,10638407.168999577,154461991241276916454475990603957630378007254188083608107656709298865901164867673078679340863895633920,10578200.165899577,89213528181128684748598107519498317868514414272072232072501518536279733271693095518339072,4541801.386600775
TREE_graph__60relations__22,3,89213528181128684748598107519498317868514414272072232072501518536279733271693095518339072,10638407.168999577,338582103959616274669602185975153206273364848857342331893102845438307694845930391582480137581085504002341208064,10534929.140899548,89213528181128684748598107519498317868514414272072232072501518536279733271693095518339072,4541801.386600775
TREE_graph__60relations__22,4,89213528181128684748598107519498317868514414272072232072501518536279733271693095518339072,10638407.168999577,338582103959616274669602185975153206273364848857342331893102845438307694845930391582480137581085504002341208064,10533029.865999566,89213528181128684748598107519498317868514414272072232072501518536279733271693095518339072,4541801.386600775
TREE_graph__60relations__22,5,89213528181128684748598107519498317868514414272072232072501518536279733271693095518339072,10638407.168999577,338582103959616274669602185975153206273364848857342331893102845438307694845930391582480137581085504002341208064,10530505.8158996,89213528181128684748598107519498317868514414272072232072501518536279733271693095518339072,4541801.386600775
TREE_graph__60relations__29,1,13306300544690703284842193169173686444411979285119128758917983976703121682734256848228171138515788103680,10454199.059499374,13306300544690703284842193169173686444411979285119128758917983976703121682734256848228171138515788103680,10454199.059499374,13306300544690703284842193169173686444411979285119128758917983976703121682734256848228171138515788103680,4515138.55700181
TREE_graph__60relations__29,2,13306300544690703284842193169173686444411979285119128758917983976703121682734256848228171138515788103680,10454199.059499374,32578862989184241864592561386083197989721056269512831288850506777110281430363273582217934953123875422994432,10402608.531699384,13306300544690703284842193169173686444411979285119128758917983976703121682734256848228171138515788103680,4515138.55700181
TREE_graph__60relations__29,3,13306300544690703284842193169173686444411979285119128758917983976703121682734256848228171138515788103680,10454199.059499374,32578862989184241864592561386083197989721056269512831288850506777110281430363273582217934953123875422994432,10402608.531699384,13306300544690703284842193169173686444411979285119128758917983976703121682734256848228171138515788103680,4515138.55700181
TREE_graph__60relations__29,4,13306300544690703284842193169173686444411979285119128758917983976703121682734256848228171138515788103680,10454199.059499374,32578862989184241864592561386083197989721056269512831288850506777110281430363273582217934953123875422994432,10398952.491299372,13306300544690703284842193169173686444411979285119128758917983976703121682734256848228171138515788103680,4515138.55700181
TREE_graph__60relations__29,5,13306300544690703284842193169173686444411979285119128758917983976703121682734256848228171138515788103680,10454199.059499374,32578862989184241864592561386083197989721056269512831288850506777110281430363273582217934953123875422994432,10397261.544899411,13306300544690703284842193169173686444411979285119128758917983976703121682734256848228171138515788103680,4515138.55700181
TREE_graph__60relations__21,1,67394396706559330169292859327711632226437685134921171559666064657474575076722879734935944429568,11080575.132998712,67394396706559330169292859327711632226437685134921171559666064657474575076722879734935944429568,11080575.132998712,67394396706559330169292859327711632226437685134921171559666064657474575076722879734935944429568,4599429.829897728
TREE_graph__60relations__21,2,67394396706559330169292859327711632226437685134921171559666064657474575076722879734935944429568,11080575.132998712,67394396706559330169292859327711632226437685134921171559666064657474575076722879734935944429568,11080575.132998712,67394396706559330169292859327711632226437685134921171559666064657474575076722879734935944429568,4599429.829897728
TREE_graph__60relations__21,3,67394396706559330169292859327711632226437685134921171559666064657474575076722879734935944429568,11080575.132998712,668227083640483634611085715402915700364008873398055964023030594921458038328660436446900118618833420288,10932534.827098774,67394396706559330169292859327711632226437685134921171559666064657474575076722879734935944429568,4599429.829897728
TREE_graph__60relations__21,4,67394396706559330169292859327711632226437685134921171559666064657474575076722879734935944429568,11080575.132998712,668227083640483634611085715402915700364008873398055964023030594921458038328660436446900118618833420288,10929484.104498785,67394396706559330169292859327711632226437685134921171559666064657474575076722879734935944429568,4599429.829897728
TREE_graph__60relations__21,5,67394396706559330169292859327711632226437685134921171559666064657474575076722879734935944429568,11080575.132998712,26798928323056490724956228723004384133158712207946301341007845930658166881280453900023124816873382245040128,10766869.966398835,67394396706559330169292859327711632226437685134921171559666064657474575076722879734935944429568,4599429.829897728
TREE_graph__60relations__2,1,5287746303498927788170428445789340746591547758641262207936314493266342070064432905022218559950765631368855552,10465617.617799679,5287746303498927788170428445789340746591547758641262207936314493266342070064432905022218559950765631368855552,10465617.617799679,5287746303498927788170428445789340746591547758641262207936314493266342070064432905022218559950765631368855552,4524675.502300163
TREE_graph__60relations__2,2,5287746303498927788170428445789340746591547758641262207936314493266342070064432905022218559950765631368855552,10465617.617799679,5287746303498927788170428445789340746591547758641262207936314493266342070064432905022218559950765631368855552,10462316.455399781,5287746303498927788170428445789340746591547758641262207936314493266342070064432905022218559950765631368855552,4524675.502300163
TREE_graph__60relations__2,3,5287746303498927788170428445789340746591547758641262207936314493266342070064432905022218559950765631368855552,10465617.617799679,9965072655876133298334865600669101492871973056950000112773753209793068495668697551045034896261120,10429171.087999722,5287746303498927788170428445789340746591547758641262207936314493266342070064432905022218559950765631368855552,4524675.502300163
TREE_graph__60relations__2,4,5287746303498927788170428445789340746591547758641262207936314493266342070064432905022218559950765631368855552,10465617.617799679,9965072655876133298334865600669101492871973056950000112773753209793068495668697551045034896261120,10429171.087999722,5287746303498927788170428445789340746591547758641262207936314493266342070064432905022218559950765631368855552,4524675.502300163
TREE_graph__60relations__2,5,5287746303498927788170428445789340746591547758641262207936314493266342070064432905022218559950765631368855552,10465617.617799679,9965072655876133298334865600669101492871973056950000112773753209793068495668697551045034896261120,10429171.087999722,5287746303498927788170428445789340746591547758641262207936314493266342070064432905022218559950765631368855552,4524675.502300163
TREE_graph__60relations__4,1,4372563579252179522335352143797620263447100567844135888186913700138690068114533515264,10279434.644601008,4372563579252179522335352143797620263447100567844135888186913700138690068114533515264,10279434.644601008,4372563579252179522335352143797620263447100567844135888186913700138690068114533515264,4544776.364801717
TREE_graph__60relations__4,2,4372563579252179522335352143797620263447100567844135888186913700138690068114533515264,10279434.644601008,4372563579252179522335352143797620263447100567844135888186913700138690068114533515264,10275141.22640102,4372563579252179522335352143797620263447100567844135888186913700138690068114533515264,4544776.364801717
TREE_graph__60relations__4,3,4372563579252179522335352143797620263447100567844135888186913700138690068114533515264,10279434.644601008,4372563579252179522335352143797620263447100567844135888186913700138690068114533515264,10275141.22640102,4372563579252179522335352143797620263447100567844135888186913700138690068114533515264,4544776.364801717
TREE_graph__60relations__4,4,4372563579252179522335352143797620263447100567844135888186913700138690068114533515264,10279434.644601008,4372563579252179522335352143797620263447100567844135888186913700138690068114533515264,10275141.22640102,4372563579252179522335352143797620263447100567844135888186913700138690068114533515264,4544776.364801717
TREE_graph__60relations__4,5,4372563579252179522335352143797620263447100567844135888186913700138690068114533515264,10279434.644601008,4372563579252179522335352143797620263447100567844135888186913700138690068114533515264,10272631.063501019,4372563579252179522335352143797620263447100567844135888186913700138690068114533515264,4544776.364801717
TREE_graph__60relations__43,1,115201942300579096383434340561508222828456823331766362837735154299375550726144,10113287.795100592,115201942300579096383434340561508222828456823331766362837735154299375550726144,10113287.795100592,115201942300579096383434340561508222828456823331766362837735154299375550726144,4585947.697501924
TREE_graph__60relations__43,2,115201942300579096383434340561508222828456823331766362837735154299375550726144,10113287.795100592,115201942300579096383434340561508222828456823331766362837735154299375550726144,10110435.314100504,115201942300579096383434340561508222828456823331766362837735154299375550726144,4585947.697501924
TREE_graph__60relations__43,3,115201942300579096383434340561508222828456823331766362837735154299375550726144,10113287.795100592,38162873664848941127812050762284596670649083204994701655507198038322826539099335325636362240,10077203.402000468,115201942300579096383434340561508222828456823331766362837735154299375550726144,4585947.697501924
TREE_graph__60relations__43,4,115201942300579096383434340561508222828456823331766362837735154299375550726144,10113287.795100592,38162873664848941127812050762284596670649083204994701655507198038322826539099335325636362240,10076969.913800614,115201942300579096383434340561508222828456823331766362837735154299375550726144,4585947.697501924
TREE_graph__60relations__43,5,115201942300579096383434340561508222828456823331766362837735154299375550726144,10113287.795100592,5581792765520235862672422212555579302383134303235896892692038984095480821483004633499106571840319916362359443197788160,10032474.507300487,115201942300579096383434340561508222828456823331766362837735154299375550726144,4585947.697501924
TREE_graph__60relations__33,1,8709621546547733035506901451400195063344738995378803093992920589462588053934225264615988565901312,10883442.345800078,8709621546547733035506901451400195063344738995378803093992920589462588053934225264615988565901312,10883442.345800078,8709621546547733035506901451400195063344738995378803093992920589462588053934225264615988565901312,4625333.453400757
TREE_graph__60relations__33,2,8709621546547733035506901451400195063344738995378803093992920589462588053934225264615988565901312,10883442.345800078,116523020971450609263592835060201490037902935929136486532878623076996838384309179582310217800277881903403304545664630784,10692272.193600075,8709621546547733035506901451400195063344738995378803093992920589462588053934225264615988565901312,4625333.453400757
TREE_graph__60relations__33,3,8709621546547733035506901451400195063344738995378803093992920589462588053934225264615988565901312,10883442.345800078,116523020971450609263592835060201490037902935929136486532878623076996838384309179582310217800277881903403304545664630784,10692272.193600075,8709621546547733035506901451400195063344738995378803093992920589462588053934225264615988565901312,4625333.453400757
TREE_graph__60relations__33,4,8709621546547733035506901451400195063344738995378803093992920589462588053934225264615988565901312,10883442.345800078,116523020971450609263592835060201490037902935929136486532878623076996838384309179582310217800277881903403304545664630784,10692164.149800066,8709621546547733035506901451400195063344738995378803093992920589462588053934225264615988565901312,4625333.453400757
TREE_graph__60relations__33,5,8709621546547733035506901451400195063344738995378803093992920589462588053934225264615988565901312,10883442.345800078,116523020971450609263592835060201490037902935929136486532878623076996838384309179582310217800277881903403304545664630784,10688297.879900068,8709621546547733035506901451400195063344738995378803093992920589462588053934225264615988565901312,4625333.453400757
TREE_graph__60relations__49,1,427259990307748755731036812293203959507536025232065486749756450440468364255518150621140885831861226605569167674072770930696457227014766592,10847860.464400228,427259990307748755731036812293203959507536025232065486749756450440468364255518150621140885831861226605569167674072770930696457227014766592,10847860.464400228,427259990307748755731036812293203959507536025232065486749756450440468364255518150621140885831861226605569167674072770930696457227014766592,4465270.950600075
TREE_graph__60relations__49,2,427259990307748755731036812293203959507536025232065486749756450440468364255518150621140885831861226605569167674072770930696457227014766592,10847860.464400228,6818939389878037810502885904205078574365665521142929866645855252884275841477851668697414483123217690591429132288,10766645.501600375,427259990307748755731036812293203959507536025232065486749756450440468364255518150621140885831861226605569167674072770930696457227014766592,4465270.950600075
TREE_graph__60relations__49,3,427259990307748755731036812293203959507536025232065486749756450440468364255518150621140885831861226605569167674072770930696457227014766592,10847860.464400228,6818939389878037810502885904205078574365665521142929866645855252884275841477851668697414483123217690591429132288,10761259.679200236,427259990307748755731036812293203959507536025232065486749756450440468364255518150621140885831861226605569167674072770930696457227014766592,4465270.950600075
TREE_graph__60relations__49,4,427259990307748755731036812293203959507536025232065486749756450440468364255518150621140885831861226605569167674072770930696457227014766592,10847860.464400228,6818939389878037810502885904205078574365665521142929866645855252884275841477851668697414483123217690591429132288,10760620.133200262,427259990307748755731036812293203959507536025232065486749756450440468364255518150621140885831861226605569167674072770930696457227014766592,4465270.950600075
TREE_graph__60relations__49,5,427259990307748755731036812293203959507536025232065486749756450440468364255518150621140885831861226605569167674072770930696457227014766592,10847860.464400228,6818939389878037810502885904205078574365665521142929866645855252884275841477851668697414483123217690591429132288,10760620.133200262,427259990307748755731036812293203959507536025232065486749756450440468364255518150621140885831861226605569167674072770930696457227014766592,4465270.950600075
TREE_graph__60relations__41,1,5491688126833888963173727331432371345754323787968411532155722087704292914060201150595133865984,10446507.72799944,5491688126833888963173727331432371345754323787968411532155722087704292914060201150595133865984,10446507.72799944,5491688126833888963173727331432371345754323787968411532155722087704292914060201150595133865984,4554095.99680042
TREE_graph__60relations__41,2,5491688126833888963173727331432371345754323787968411532155722087704292914060201150595133865984,10446507.72799944,23444455958414969061053613192333835711892404392871498612840097890372005741148272263441964386109018341376,10429842.40489948,5491688126833888963173727331432371345754323787968411532155722087704292914060201150595133865984,4554095.99680042
TREE_graph__60relations__41,3,5491688126833888963173727331432371345754323787968411532155722087704292914060201150595133865984,10446507.72799944,241994899745223917337976800440206389971846343047111313398960132989286172843375329609865299492864,10334854.323799448,5491688126833888963173727331432371345754323787968411532155722087704292914060201150595133865984,4554095.99680042
TREE_graph__60relations__41,4,5491688126833888963173727331432371345754323787968411532155722087704292914060201150595133865984,10446507.72799944,241994899745223917337976800440206389971846343047111313398960132989286172843375329609865299492864,10334854.323799448,5491688126833888963173727331432371345754323787968411532155722087704292914060201150595133865984,4554095.99680042
TREE_graph__60relations__41,5,5491688126833888963173727331432371345754323787968411532155722087704292914060201150595133865984,10446507.72799944,241994899745223917337976800440206389971846343047111313398960132989286172843375329609865299492864,10334854.323799448,5491688126833888963173727331432371345754323787968411532155722087704292914060201150595133865984,4554095.99680042
TREE_graph__60relations__0,1,185074688589775589738316933405330826647367700522133180200240476180280140790292878740851766885732585570304,10084890.452400666,185074688589775589738316933405330826647367700522133180200240476180280140790292878740851766885732585570304,10084890.452400666,185074688589775589738316933405330826647367700522133180200240476180280140790292878740851766885732585570304,4530334.697403973
TREE_graph__60relations__0,2,185074688589775589738316933405330826647367700522133180200240476180280140790292878740851766885732585570304,10084890.452400666,185074688589775589738316933405330826647367700522133180200240476180280140790292878740851766885732585570304,10079503.83520069,185074688589775589738316933405330826647367700522133180200240476180280140790292878740851766885732585570304,4530334.697403973
TREE_graph__60relations__0,3,185074688589775589738316933405330826647367700522133180200240476180280140790292878740851766885732585570304,10084890.452400666,8154038233935689609417874737125877967303861778908939357927806532224486705786817292892358110788722884608,10054334.865600733,185074688589775589738316933405330826647367700522133180200240476180280140790292878740851766885732585570304,4530334.697403973
TREE_graph__60relations__0,4,185074688589775589738316933405330826647367700522133180200240476180280140790292878740851766885732585570304,10084890.452400666,8154038233935689609417874737125877967303861778908939357927806532224486705786817292892358110788722884608,10054334.865600733,185074688589775589738316933405330826647367700522133180200240476180280140790292878740851766885732585570304,4530334.697403973
TREE_graph__60relations__0,5,185074688589775589738316933405330826647367700522133180200240476180280140790292878740851766885732585570304,10084890.452400666,9031775799779701207327383807902237238839703767733006792842053619747255750572936480109616468852736,10042454.42550061,185074688589775589738316933405330826647367700522133180200240476180280140790292878740851766885732585570304,4530334.697403973
TREE_graph__60relations__8,1,2108579596400681914368934154443529360025635994595000794816831510881529081866568876363200526540897554938408514332131328,10445126.058500227,2108579596400681914368934154443529360025635994595000794816831510881529081866568876363200526540897554938408514332131328,10445126.058500227,2108579596400681914368934154443529360025635994595000794816831510881529081866568876363200526540897554938408514332131328,4581143.090998749
TREE_graph__60relations__8,2,2108579596400681914368934154443529360025635994595000794816831510881529081866568876363200526540897554938408514332131328,10445126.058500227,2108579596400681914368934154443529360025635994595000794816831510881529081866568876363200526540897554938408514332131328,10445126.058500227,2108579596400681914368934154443529360025635994595000794816831510881529081866568876363200526540897554938408514332131328,4581143.090998749
TREE_graph__60relations__8,3,2108579596400681914368934154443529360025635994595000794816831510881529081866568876363200526540897554938408514332131328,10445126.058500227,11171618531065564867163982423966129983887270303357167328096052746818284529165271040,10432162.083300188,2108579596400681914368934154443529360025635994595000794816831510881529081866568876363200526540897554938408514332131328,4581143.090998749
TREE_graph__60relations__8,4,2108579596400681914368934154443529360025635994595000794816831510881529081866568876363200526540897554938408514332131328,10445126.058500227,11171618531065564867163982423966129983887270303357167328096052746818284529165271040,10430680.375800181,2108579596400681914368934154443529360025635994595000794816831510881529081866568876363200526540897554938408514332131328,4581143.090998749
TREE_graph__60relations__8,5,2108579596400681914368934154443529360025635994595000794816831510881529081866568876363200526540897554938408514332131328,10445126.058500227,11171618531065564867163982423966129983887270303357167328096052746818284529165271040,10427162.750700219,2108579596400681914368934154443529360025635994595000794816831510881529081866568876363200526540897554938408514332131328,4581143.090998749
TREE_graph__60relations__25,1,436710042299972672772626529074765015899129918071977775589118543910767757326226385386460859122474779258590324125835362041856,11010005.223900435,436710042299972672772626529074765015899129918071977775589118543910767757326226385386460859122474779258590324125835362041856,11010005.223900435,436710042299972672772626529074765015899129918071977775589118543910767757326226385386460859122474779258590324125835362041856,4495290.357699228
TREE_graph__60relations__25,2,436710042299972672772626529074765015899129918071977775589118543910767757326226385386460859122474779258590324125835362041856,11010005.223900435,436710042299972672772626529074765015899129918071977775589118543910767757326226385386460859122474779258590324125835362041856,11009182.680900397,436710042299972672772626529074765015899129918071977775589118543910767757326226385386460859122474779258590324125835362041856,4495290.357699228
TREE_graph__60relations__25,3,436710042299972672772626529074765015899129918071977775589118543910767757326226385386460859122474779258590324125835362041856,11010005.223900435,3174223088427610611645135722144693896597780106377740210142320954133402070352780394446444974476760802285639268049070373605396513015463936,10941661.128600387,436710042299972672772626529074765015899129918071977775589118543910767757326226385386460859122474779258590324125835362041856,4495290.357699228
TREE_graph__60relations__25,4,436710042299972672772626529074765015899129918071977775589118543910767757326226385386460859122474779258590324125835362041856,11010005.223900435,199673266643785959035738822094512041235059756149789261678319553372848079363628034497072381576327971423512979828961436676128768,10913660.615700409,436710042299972672772626529074765015899129918071977775589118543910767757326226385386460859122474779258590324125835362041856,4495290.357699228
TREE_graph__60relations__25,5,436710042299972672772626529074765015899129918071977775589118543910767757326226385386460859122474779258590324125835362041856,11010005.223900435,199673266643785959035738822094512041235059756149789261678319553372848079363628034497072381576327971423512979828961436676128768,10913660.615700409,436710042299972672772626529074765015899129918071977775589118543910767757326226385386460859122474779258590324125835362041856,4495290.357699228
TREE_graph__60relations__13,1,3585759171946701166518686194124847052977618838141358351589142953152251947076016828238494943832300754421558542336,10538569.722999828,3585759171946701166518686194124847052977618838141358351589142953152251947076016828238494943832300754421558542336,10538569.722999828,3585759171946701166518686194124847052977618838141358351589142953152251947076016828238494943832300754421558542336,4582069.062299641
TREE_graph__60relations__13,2,3585759171946701166518686194124847052977618838141358351589142953152251947076016828238494943832300754421558542336,10538569.722999828,57653215688939442175317825451234233775369895580518033835479717092953316527456912163777906301357610361673082887386697826304,10408050.889099961,3585759171946701166518686194124847052977618838141358351589142953152251947076016828238494943832300754421558542336,4582069.062299641
TREE_graph__60relations__13,3,3585759171946701166518686194124847052977618838141358351589142953152251947076016828238494943832300754421558542336,10538569.722999828,57653215688939442175317825451234233775369895580518033835479717092953316527456912163777906301357610361673082887386697826304,10408050.889099961,3585759171946701166518686194124847052977618838141358351589142953152251947076016828238494943832300754421558542336,4582069.062299641
TREE_graph__60relations__13,4,3585759171946701166518686194124847052977618838141358351589142953152251947076016828238494943832300754421558542336,10538569.722999828,1492958556760971279149828310769844765146643239289334001404948861447482713785892498164394445065315189000093471928938921984,10368424.006799938,3585759171946701166518686194124847052977618838141358351589142953152251947076016828238494943832300754421558542336,4582069.062299641
TREE_graph__60relations__13,5,3585759171946701166518686194124847052977618838141358351589142953152251947076016828238494943832300754421558542336,10538569.722999828,1492958556760971279149828310769844765146643239289334001404948861447482713785892498164394445065315189000093471928938921984,10368275.206399828,3585759171946701166518686194124847052977618838141358351589142953152251947076016828238494943832300754421558542336,4582069.062299641
TREE_graph__60relations__31,1,6786874966188114917280677168031771382250918910100888811791769384536274588135474385135531561149058638176386069570977061889114112,10850056.894900495,6786874966188114917280677168031771382250918910100888811791769384536274588135474385135531561149058638176386069570977061889114112,10850056.894900495,6786874966188114917280677168031771382250918910100888811791769384536274588135474385135531561149058638176386069570977061889114112,4572424.587200574
TREE_graph__60relations__31,2,6786874966188114917280677168031771382250918910100888811791769384536274588135474385135531561149058638176386069570977061889114112,10850056.894900495,67210726533722031264697544049555157790953371574831823147616557399243009667350907430794074622623804817408,10749987.550500369,6786874966188114917280677168031771382250918910100888811791769384536274588135474385135531561149058638176386069570977061889114112,4572424.587200574
TREE_graph__60relations__31,3,6786874966188114917280677168031771382250918910100888811791769384536274588135474385135531561149058638176386069570977061889114112,10850056.894900495,67210726533722031264697544049555157790953371574831823147616557399243009667350907430794074622623804817408,10748075.497000366,6786874966188114917280677168031771382250918910100888811791769384536274588135474385135531561149058638176386069570977061889114112,4572424.587200574
TREE_graph__60relations__31,4,6786874966188114917280677168031771382250918910100888811791769384536274588135474385135531561149058638176386069570977061889114112,10850056.894900495,67210726533722031264697544049555157790953371574831823147616557399243009667350907430794074622623804817408,10748075.497000366,6786874966188114917280677168031771382250918910100888811791769384536274588135474385135531561149058638176386069570977061889114112,4572424.587200574
TREE_graph__60relations__31,5,6786874966188114917280677168031771382250918910100888811791769384536274588135474385135531561149058638176386069570977061889114112,10850056.894900495,67210726533722031264697544049555157790953371574831823147616557399243009667350907430794074622623804817408,10741641.252000356,6786874966188114917280677168031771382250918910100888811791769384536274588135474385135531561149058638176386069570977061889114112,4572424.587200574
TREE_graph__60relations__7,1,2250418569762505405099654636771564854095867077465180140317740950136909423908951866220492150670895165210624,10496094.11140035,2250418569762505405099654636771564854095867077465180140317740950136909423908951866220492150670895165210624,10496094.11140035,2250418569762505405099654636771564854095867077465180140317740950136909423908951866220492150670895165210624,4527621.12350077
TREE_graph__60relations__7,2,2250418569762505405099654636771564854095867077465180140317740950136909423908951866220492150670895165210624,10496094.11140035,881797504787548112531451188802682628909563003826318876539118138034499283432526226532572594176,10411292.128100377,2250418569762505405099654636771564854095867077465180140317740950136909423908951866220492150670895165210624,4527621.12350077
TREE_graph__60relations__7,3,2250418569762505405099654636771564854095867077465180140317740950136909423908951866220492150670895165210624,10496094.11140035,881797504787548112531451188802682628909563003826318876539118138034499283432526226532572594176,10411292.128100377,2250418569762505405099654636771564854095867077465180140317740950136909423908951866220492150670895165210624,4527621.12350077
TREE_graph__60relations__7,4,2250418569762505405099654636771564854095867077465180140317740950136909423908951866220492150670895165210624,10496094.11140035,881797504787548112531451188802682628909563003826318876539118138034499283432526226532572594176,10411069.870400384,2250418569762505405099654636771564854095867077465180140317740950136909423908951866220492150670895165210624,4527621.12350077
TREE_graph__60relations__7,5,2250418569762505405099654636771564854095867077465180140317740950136909423908951866220492150670895165210624,10496094.11140035,14055242470380537619731778139972075731425872292477234552617030518582936267936761519276032,10409625.121800372,2250418569762505405099654636771564854095867077465180140317740950136909423908951866220492150670895165210624,4527621.12350077
TREE_graph__60relations__12,1,458433400277194966196986733944433472444518135416280005161056126525329708284374761964914007158083251450666062715271406474510729216,11211805.50919971,458433400277194966196986733944433472444518135416280005161056126525329708284374761964914007158083251450666062715271406474510729216,11211805.50919971,458433400277194966196986733944433472444518135416280005161056126525329708284374761964914007158083251450666062715271406474510729216,4495780.6914001135
TREE_graph__60relations__12,2,458433400277194966196986733944433472444518135416280005161056126525329708284374761964914007158083251450666062715271406474510729216,11211805.50919971,458433400277194966196986733944433472444518135416280005161056126525329708284374761964914007158083251450666062715271406474510729216,11211805.50919971,458433400277194966196986733944433472444518135416280005161056126525329708284374761964914007158083251450666062715271406474510729216,4495780.6914001135
TREE_graph__60relations__12,3,458433400277194966196986733944433472444518135416280005161056126525329708284374761964914007158083251450666062715271406474510729216,11211805.50919971,8278913227364305557750221471105331225721055820681033209172714849056180323217502240734147348170752794548861661085696,11146591.8962997,458433400277194966196986733944433472444518135416280005161056126525329708284374761964914007158083251450666062715271406474510729216,4495780.6914001135
TREE_graph__60relations__12,4,458433400277194966196986733944433472444518135416280005161056126525329708284374761964914007158083251450666062715271406474510729216,11211805.50919971,8278913227364305557750221471105331225721055820681033209172714849056180323217502240734147348170752794548861661085696,11146591.8962997,458433400277194966196986733944433472444518135416280005161056126525329708284374761964914007158083251450666062715271406474510729216,4495780.6914001135
TREE_graph__60relations__12,5,458433400277194966196986733944433472444518135416280005161056126525329708284374761964914007158083251450666062715271406474510729216,11211805.50919971,83160608398111606409767740217631383842557400882354786173826734802104918968840401258703238309808845255846035193856,11132399.44249966,458433400277194966196986733944433472444518135416280005161056126525329708284374761964914007158083251450666062715271406474510729216,4495780.6914001135
TREE_graph__60relations__34,1,411394803742071058585215126375057661447761952923257363825037596499706886624378880,10524326.120400615,411394803742071058585215126375057661447761952923257363825037596499706886624378880,10524326.120400615,411394803742071058585215126375057661447761952923257363825037596499706886624378880,4602945.014301485
TREE_graph__60relations__34,2,411394803742071058585215126375057661447761952923257363825037596499706886624378880,10524326.120400615,411394803742071058585215126375057661447761952923257363825037596499706886624378880,10523792.785800662,411394803742071058585215126375057661447761952923257363825037596499706886624378880,4602945.014301485
TREE_graph__60relations__34,3,411394803742071058585215126375057661447761952923257363825037596499706886624378880,10524326.120400615,93670797767662969570978126360964619909634023621514882771762902124832998200311985367080448750055273011034191822848,10470413.439700603,411394803742071058585215126375057661447761952923257363825037596499706886624378880,4602945.014301485
TREE_graph__60relations__34,4,411394803742071058585215126375057661447761952923257363825037596499706886624378880,10524326.120400615,12651986049987736538699484726472698850682317828883397876338653065227102481808341688758439147925292449792,10466229.996100621,411394803742071058585215126375057661447761952923257363825037596499706886624378880,4602945.014301485
TREE_graph__60relations__34,5,411394803742071058585215126375057661447761952923257363825037596499706886624378880,10524326.120400615,4713487142654742689311555103660906502707769889030689162692794489487220874335041002514939904,10444410.59950057,411394803742071058585215126375057661447761952923257363825037596499706886624378880,4602945.014301485
TREE_graph__60relations__19,1,2038372389627723458912472186979650239685848313059593980096980781254782792043082716065500670304714752,10548568.349299738,2038372389627723458912472186979650239685848313059593980096980781254782792043082716065500670304714752,10548568.349299738,2038372389627723458912472186979650239685848313059593980096980781254782792043082716065500670304714752,4516289.092800545
TREE_graph__60relations__19,2,2038372389627723458912472186979650239685848313059593980096980781254782792043082716065500670304714752,10548568.349299738,396679550452206319687691055082983023773890765628747130244275203599378250456562790116676861952,10482634.155499743,2038372389627723458912472186979650239685848313059593980096980781254782792043082716065500670304714752,4516289.092800545
TREE_graph__60relations__19,3,2038372389627723458912472186979650239685848313059593980096980781254782792043082716065500670304714752,10548568.349299738,396679550452206319687691055082983023773890765628747130244275203599378250456562790116676861952,10482634.155499743,2038372389627723458912472186979650239685848313059593980096980781254782792043082716065500670304714752,4516289.092800545
TREE_graph__60relations__19,4,2038372389627723458912472186979650239685848313059593980096980781254782792043082716065500670304714752,10548568.349299738,396679550452206319687691055082983023773890765628747130244275203599378250456562790116676861952,10482157.576299774,2038372389627723458912472186979650239685848313059593980096980781254782792043082716065500670304714752,4516289.092800545
TREE_graph__60relations__19,5,2038372389627723458912472186979650239685848313059593980096980781254782792043082716065500670304714752,10548568.349299738,396679550452206319687691055082983023773890765628747130244275203599378250456562790116676861952,10479578.157399807,2038372389627723458912472186979650239685848313059593980096980781254782792043082716065500670304714752,4516289.092800545
TREE_graph__60relations__30,1,66736116158133617624756779129383612430341571746473640088832495062864773657676014983548564037563620777443652040585641984,11002555.68550045,66736116158133617624756779129383612430341571746473640088832495062864773657676014983548564037563620777443652040585641984,11002555.68550045,66736116158133617624756779129383612430341571746473640088832495062864773657676014983548564037563620777443652040585641984,4514584.94270173
TREE_graph__60relations__30,2,66736116158133617624756779129383612430341571746473640088832495062864773657676014983548564037563620777443652040585641984,11002555.68550045,1024694967945360245696410948525472468162919211493201203941453620342731905156804155863891816010771783940571136,10979726.866000468,66736116158133617624756779129383612430341571746473640088832495062864773657676014983548564037563620777443652040585641984,4514584.94270173
TREE_graph__60relations__30,3,66736116158133617624756779129383612430341571746473640088832495062864773657676014983548564037563620777443652040585641984,11002555.68550045,1024694967945360245696410948525472468162919211493201203941453620342731905156804155863891816010771783940571136,10979726.866000468,66736116158133617624756779129383612430341571746473640088832495062864773657676014983548564037563620777443652040585641984,4514584.94270173
TREE_graph__60relations__30,4,66736116158133617624756779129383612430341571746473640088832495062864773657676014983548564037563620777443652040585641984,11002555.68550045,153395638065931101380768012748860754294060632885437014580574914500454563683252518965000753682114781262064527109758386176,10854649.055200493,66736116158133617624756779129383612430341571746473640088832495062864773657676014983548564037563620777443652040585641984,4514584.94270173
TREE_graph__60relations__30,5,66736116158133617624756779129383612430341571746473640088832495062864773657676014983548564037563620777443652040585641984,11002555.68550045,153395638065931101380768012748860754294060632885437014580574914500454563683252518965000753682114781262064527109758386176,10849849.816900505,66736116158133617624756779129383612430341571746473640088832495062864773657676014983548564037563620777443652040585641984,4514584.94270173
TREE_graph__60relations__15,1,673201530676972049910278129922814366600845279419566049911755549771394784709305381683200,10751832.05019969,673201530676972049910278129922814366600845279419566049911755549771394784709305381683200,10751832.05019969,673201530676972049910278129922814366600845279419566049911755549771394784709305381683200,4459140.90410129
TREE_graph__60relations__15,2,673201530676972049910278129922814366600845279419566049911755549771394784709305381683200,10751832.05019969,673201530676972049910278129922814366600845279419566049911755549771394784709305381683200,10747021.195699692,673201530676972049910278129922814366600845279419566049911755549771394784709305381683200,4459140.90410129
TREE_graph__60relations__15,3,673201530676972049910278129922814366600845279419566049911755549771394784709305381683200,10751832.05019969,673201530676972049910278129922814366600845279419566049911755549771394784709305381683200,10746894.291899731,673201530676972049910278129922814366600845279419566049911755549771394784709305381683200,4459140.90410129
TREE_graph__60relations__15,4,673201530676972049910278129922814366600845279419566049911755549771394784709305381683200,10751832.05019969,673201530676972049910278129922814366600845279419566049911755549771394784709305381683200,10745078.580299677,673201530676972049910278129922814366600845279419566049911755549771394784709305381683200,4459140.90410129
TREE_graph__60relations__15,5,673201530676972049910278129922814366600845279419566049911755549771394784709305381683200,10751832.05019969,673201530676972049910278129922814366600845279419566049911755549771394784709305381683200,10742513.999599682,673201530676972049910278129922814366600845279419566049911755549771394784709305381683200,4459140.90410129
TREE_graph__60relations__14,1,90743160718888975215742716260472070417958075133172295725487653858805731212888718551420398182388922843136,10674255.375400558,90743160718888975215742716260472070417958075133172295725487653858805731212888718551420398182388922843136,10674255.375400558,90743160718888975215742716260472070417958075133172295725487653858805731212888718551420398182388922843136,4555231.042499797
TREE_graph__60relations__14,2,90743160718888975215742716260472070417958075133172295725487653858805731212888718551420398182388922843136,10674255.375400558,90743160718888975215742716260472070417958075133172295725487653858805731212888718551420398182388922843136,10672316.589700427,90743160718888975215742716260472070417958075133172295725487653858805731212888718551420398182388922843136,4555231.042499797
TREE_graph__60relations__14,3,90743160718888975215742716260472070417958075133172295725487653858805731212888718551420398182388922843136,10674255.375400558,16767767846231100343296935757479158452367120445494311556935204788418427539279762964349690839952493555640206144042379430068224,10657905.327500429,90743160718888975215742716260472070417958075133172295725487653858805731212888718551420398182388922843136,4555231.042499797
TREE_graph__60relations__14,4,90743160718888975215742716260472070417958075133172295725487653858805731212888718551420398182388922843136,10674255.375400558,16767767846231100343296935757479158452367120445494311556935204788418427539279762964349690839952493555640206144042379430068224,10654648.210800437,90743160718888975215742716260472070417958075133172295725487653858805731212888718551420398182388922843136,4555231.042499797
TREE_graph__60relations__14,5,90743160718888975215742716260472070417958075133172295725487653858805731212888718551420398182388922843136,10674255.375400558,16767767846231100343296935757479158452367120445494311556935204788418427539279762964349690839952493555640206144042379430068224,10654648.210800437,90743160718888975215742716260472070417958075133172295725487653858805731212888718551420398182388922843136,4555231.042499797
TREE_graph__60relations__1,1,64918736051873311425367521604053201806031326540888159108727166268639126182231774233349775082591008425095121076224,10973894.840398801,64918736051873311425367521604053201806031326540888159108727166268639126182231774233349775082591008425095121076224,10973894.840398801,64918736051873311425367521604053201806031326540888159108727166268639126182231774233349775082591008425095121076224,4535024.45749671
TREE_graph__60relations__1,2,64918736051873311425367521604053201806031326540888159108727166268639126182231774233349775082591008425095121076224,10973894.840398801,64918736051873311425367521604053201806031326540888159108727166268639126182231774233349775082591008425095121076224,10972025.500798788,64918736051873311425367521604053201806031326540888159108727166268639126182231774233349775082591008425095121076224,4535024.45749671
TREE_graph__60relations__1,3,64918736051873311425367521604053201806031326540888159108727166268639126182231774233349775082591008425095121076224,10973894.840398801,352658692765879091483859936985055170822465060032859305756106560530737611505856741193393631815546573913325568,10952251.45209881,64918736051873311425367521604053201806031326540888159108727166268639126182231774233349775082591008425095121076224,4535024.45749671
TREE_graph__60relations__1,4,64918736051873311425367521604053201806031326540888159108727166268639126182231774233349775082591008425095121076224,10973894.840398801,352658692765879091483859936985055170822465060032859305756106560530737611505856741193393631815546573913325568,10945977.075898869,64918736051873311425367521604053201806031326540888159108727166268639126182231774233349775082591008425095121076224,4535024.45749671
TREE_graph__60relations__1,5,64918736051873311425367521604053201806031326540888159108727166268639126182231774233349775082591008425095121076224,10973894.840398801,352658692765879091483859936985055170822465060032859305756106560530737611505856741193393631815546573913325568,10945977.075898869,64918736051873311425367521604053201806031326540888159108727166268639126182231774233349775082591008425095121076224,4535024.45749671
TREE_graph__60relations__44,1,9346212884954100848969605240814442767748638356336787250863060813030335903014296890252112289692545968680871901177839616,10430357.713299632,9346212884954100848969605240814442767748638356336787250863060813030335903014296890252112289692545968680871901177839616,10430357.713299632,9346212884954100848969605240814442767748638356336787250863060813030335903014296890252112289692545968680871901177839616,4553042.200299568
TREE_graph__60relations__44,2,9346212884954100848969605240814442767748638356336787250863060813030335903014296890252112289692545968680871901177839616,10430357.713299632,9346212884954100848969605240814442767748638356336787250863060813030335903014296890252112289692545968680871901177839616,10424158.43459967,9346212884954100848969605240814442767748638356336787250863060813030335903014296890252112289692545968680871901177839616,4553042.200299568
TREE_graph__60relations__44,3,9346212884954100848969605240814442767748638356336787250863060813030335903014296890252112289692545968680871901177839616,10430357.713299632,9346212884954100848969605240814442767748638356336787250863060813030335903014296890252112289692545968680871901177839616,10424158.43459967,9346212884954100848969605240814442767748638356336787250863060813030335903014296890252112289692545968680871901177839616,4553042.200299568
TREE_graph__60relations__44,4,9346212884954100848969605240814442767748638356336787250863060813030335903014296890252112289692545968680871901177839616,10430357.713299632,9346212884954100848969605240814442767748638356336787250863060813030335903014296890252112289692545968680871901177839616,10424158.43459967,9346212884954100848969605240814442767748638356336787250863060813030335903014296890252112289692545968680871901177839616,4553042.200299568
TREE_graph__60relations__44,5,9346212884954100848969605240814442767748638356336787250863060813030335903014296890252112289692545968680871901177839616,10430357.713299632,9346212884954100848969605240814442767748638356336787250863060813030335903014296890252112289692545968680871901177839616,10424158.43459967,9346212884954100848969605240814442767748638356336787250863060813030335903014296890252112289692545968680871901177839616,4553042.200299568
TREE_graph__60relations__23,1,1221159005078177501351812606349498303438364712774861725809827732538525416220655970582867235889612476699415412736,10556521.875099858,1221159005078177501351812606349498303438364712774861725809827732538525416220655970582867235889612476699415412736,10556521.875099858,1221159005078177501351812606349498303438364712774861725809827732538525416220655970582867235889612476699415412736,4513848.091599865
TREE_graph__60relations__23,2,1221159005078177501351812606349498303438364712774861725809827732538525416220655970582867235889612476699415412736,10556521.875099858,1221159005078177501351812606349498303438364712774861725809827732538525416220655970582867235889612476699415412736,10552508.296399953,1221159005078177501351812606349498303438364712774861725809827732538525416220655970582867235889612476699415412736,4513848.091599865
TREE_graph__60relations__23,3,1221159005078177501351812606349498303438364712774861725809827732538525416220655970582867235889612476699415412736,10556521.875099858,1221159005078177501351812606349498303438364712774861725809827732538525416220655970582867235889612476699415412736,10550858.773699898,1221159005078177501351812606349498303438364712774861725809827732538525416220655970582867235889612476699415412736,4513848.091599865
TREE_graph__60relations__23,4,1221159005078177501351812606349498303438364712774861725809827732538525416220655970582867235889612476699415412736,10556521.875099858,1221159005078177501351812606349498303438364712774861725809827732538525416220655970582867235889612476699415412736,10550858.773699898,1221159005078177501351812606349498303438364712774861725809827732538525416220655970582867235889612476699415412736,4513848.091599865
TREE_graph__60relations__23,5,1221159005078177501351812606349498303438364712774861725809827732538525416220655970582867235889612476699415412736,10556521.875099858,25465982116581369686778138734457019269220328234481526885917829590250268463820833408470953133841726744149715058688,10458313.341999875,1221159005078177501351812606349498303438364712774861725809827732538525416220655970582867235889612476699415412736,4513848.091599865
TREE_graph__60relations__39,1,894234660235979581879627844252638128218860353300455587414434669719415947264,10987754.806799145,894234660235979581879627844252638128218860353300455587414434669719415947264,10987754.806799145,894234660235979581879627844252638128218860353300455587414434669719415947264,4649956.16000136
TREE_graph__60relations__39,2,894234660235979581879627844252638128218860353300455587414434669719415947264,10987754.806799145,10772597749611502056782179673981442123342084152785042160689560694325317727092379119896986038304768,10818817.336699175,894234660235979581879627844252638128218860353300455587414434669719415947264,4649956.16000136
TREE_graph__60relations__39,3,894234660235979581879627844252638128218860353300455587414434669719415947264,10987754.806799145,10772597749611502056782179673981442123342084152785042160689560694325317727092379119896986038304768,10817710.631799145,894234660235979581879627844252638128218860353300455587414434669719415947264,4649956.16000136
TREE_graph__60relations__39,4,894234660235979581879627844252638128218860353300455587414434669719415947264,10987754.806799145,10772597749611502056782179673981442123342084152785042160689560694325317727092379119896986038304768,10817710.631799145,894234660235979581879627844252638128218860353300455587414434669719415947264,4649956.16000136
TREE_graph__60relations__39,5,894234660235979581879627844252638128218860353300455587414434669719415947264,10987754.806799145,119072686899819573787940629067717876477015176604842334683510761212271995310173619446162409377678284080283648,10782711.5852992,894234660235979581879627844252638128218860353300455587414434669719415947264,4649956.16000136
TREE_graph__60relations__10,1,25797078026918496652718018312179914379745810750065637403083101884981907295390089135742619740743449060091232834813952,10577290.637500942,25797078026918496652718018312179914379745810750065637403083101884981907295390089135742619740743449060091232834813952,10577290.637500942,25797078026918496652718018312179914379745810750065637403083101884981907295390089135742619740743449060091232834813952,4535399.763900111
TREE_graph__60relations__10,2,25797078026918496652718018312179914379745810750065637403083101884981907295390089135742619740743449060091232834813952,10577290.637500942,8661759524326417401604274091146359714349583736291272657452405008206195974731406506357635755282056783855616,10563027.78690093,25797078026918496652718018312179914379745810750065637403083101884981907295390089135742619740743449060091232834813952,4535399.763900111
TREE_graph__60relations__10,3,25797078026918496652718018312179914379745810750065637403083101884981907295390089135742619740743449060091232834813952,10577290.637500942,11981764424113796497282127737211117209808711947644752610012496041808245434174745587729198475116544000,10515627.523200922,25797078026918496652718018312179914379745810750065637403083101884981907295390089135742619740743449060091232834813952,4535399.763900111
TREE_graph__60relations__10,4,25797078026918496652718018312179914379745810750065637403083101884981907295390089135742619740743449060091232834813952,10577290.637500942,11981764424113796497282127737211117209808711947644752610012496041808245434174745587729198475116544000,10515627.523200922,25797078026918496652718018312179914379745810750065637403083101884981907295390089135742619740743449060091232834813952,4535399.763900111
TREE_graph__60relations__10,5,25797078026918496652718018312179914379745810750065637403083101884981907295390089135742619740743449060091232834813952,10577290.637500942,11981764424113796497282127737211117209808711947644752610012496041808245434174745587729198475116544000,10515627.523200922,25797078026918496652718018312179914379745810750065637403083101884981907295390089135742619740743449060091232834813952,4535399.763900111
TREE_graph__60relations__26,1,143864811775483762175785617578493724685044846814313757722422240346112,10580847.847199,143864811775483762175785617578493724685044846814313757722422240346112,10580847.847199,143864811775483762175785617578493724685044846814313757722422240346112,4598453.446097393
TREE_graph__60relations__26,2,143864811775483762175785617578493724685044846814313757722422240346112,10580847.847199,32393134701682908621798191031008396642197785820620349544182955531197401402441728,10416666.820399052,143864811775483762175785617578493724685044846814313757722422240346112,4598453.446097393
TREE_graph__60relations__26,3,143864811775483762175785617578493724685044846814313757722422240346112,10580847.847199,32393134701682908621798191031008396642197785820620349544182955531197401402441728,10415383.93629906,143864811775483762175785617578493724685044846814313757722422240346112,4598453.446097393
TREE_graph__60relations__26,4,143864811775483762175785617578493724685044846814313757722422240346112,10580847.847199,32393134701682908621798191031008396642197785820620349544182955531197401402441728,10415383.93629906,143864811775483762175785617578493724685044846814313757722422240346112,4598453.446097393
TREE_graph__60relations__26,5,143864811775483762175785617578493724685044846814313757722422240346112,10580847.847199,32393134701682908621798191031008396642197785820620349544182955531197401402441728,10415383.93629906,143864811775483762175785617578493724685044846814313757722422240346112,4598453.446097393
TREE_graph__60relations__35,1,194804924594810550604274160954716793122070372498898707038148117660702412519688027929138146105011846352398254478458880,10433659.552700518,194804924594810550604274160954716793122070372498898707038148117660702412519688027929138146105011846352398254478458880,10433659.552700518,194804924594810550604274160954716793122070372498898707038148117660702412519688027929138146105011846352398254478458880,4582368.883799101
TREE_graph__60relations__35,2,194804924594810550604274160954716793122070372498898707038148117660702412519688027929138146105011846352398254478458880,10433659.552700518,424092835999498163301981234963291560027013381025598209963401119740367807835219168906328508640653624737792,10271705.860400392,194804924594810550604274160954716793122070372498898707038148117660702412519688027929138146105011846352398254478458880,4582368.883799101
TREE_graph__60relations__35,3,194804924594810550604274160954716793122070372498898707038148117660702412519688027929138146105011846352398254478458880,10433659.552700518,424092835999498163301981234963291560027013381025598209963401119740367807835219168906328508640653624737792,10270678.323900444,194804924594810550604274160954716793122070372498898707038148117660702412519688027929138146105011846352398254478458880,4582368.883799101
TREE_graph__60relations__35,4,194804924594810550604274160954716793122070372498898707038148117660702412519688027929138146105011846352398254478458880,10433659.552700518,424092835999498163301981234963291560027013381025598209963401119740367807835219168906328508640653624737792,10270164.899800433,194804924594810550604274160954716793122070372498898707038148117660702412519688027929138146105011846352398254478458880,4582368.883799101
TREE_graph__60relations__35,5,194804924594810550604274160954716793122070372498898707038148117660702412519688027929138146105011846352398254478458880,10433659.552700518,424092835999498163301981234963291560027013381025598209963401119740367807835219168906328508640653624737792,10270164.899800433,194804924594810550604274160954716793122070372498898707038148117660702412519688027929138146105011846352398254478458880,4582368.883799101
TREE_graph__60relations__27,1,28444343507511932117794605247586873479607802368888544051205549405224775742237710172469326838360965120,10897452.214599384,28444343507511932117794605247586873479607802368888544051205549405224775742237710172469326838360965120,10897452.214599384,28444343507511932117794605247586873479607802368888544051205549405224775742237710172469326838360965120,4474863.290299879
TREE_graph__60relations__27,2,28444343507511932117794605247586873479607802368888544051205549405224775742237710172469326838360965120,10897452.214599384,3052275890786819519980853986389858223136501448515604440019071574358260165696889974754667134976,10856862.020499352,28444343507511932117794605247586873479607802368888544051205549405224775742237710172469326838360965120,4474863.290299879
TREE_graph__60relations__27,3,28444343507511932117794605247586873479607802368888544051205549405224775742237710172469326838360965120,10897452.214599384,3052275890786819519980853986389858223136501448515604440019071574358260165696889974754667134976,10854329.706799304,28444343507511932117794605247586873479607802368888544051205549405224775742237710172469326838360965120,4474863.290299879
TREE_graph__60relations__27,4,28444343507511932117794605247586873479607802368888544051205549405224775742237710172469326838360965120,10897452.214599384,3052275890786819519980853986389858223136501448515604440019071574358260165696889974754667134976,10852295.369999325,28444343507511932117794605247586873479607802368888544051205549405224775742237710172469326838360965120,4474863.290299879
TREE_graph__60relations__27,5,28444343507511932117794605247586873479607802368888544051205549405224775742237710172469326838360965120,10897452.214599384,5410615461509985752892485792776620938924426490726053945679512685754536160688450288117335099179008,10821644.404199338,28444343507511932117794605247586873479607802368888544051205549405224775742237710172469326838360965120,4474863.290299879
TREE_graph__60relations__5,1,2702299394657964674587362195488651247849525540365796543991242171050671951666781010001920,11488754.291500231,2702299394657964674587362195488651247849525540365796543991242171050671951666781010001920,11488754.291500231,2702299394657964674587362195488651247849525540365796543991242171050671951666781010001920,4619780.667400571
TREE_graph__60relations__5,2,2702299394657964674587362195488651247849525540365796543991242171050671951666781010001920,11488754.291500231,12397435905720064233986336400577784062725129813984885682022682454509901952062639199917038538588160,11346124.097800316,2702299394657964674587362195488651247849525540365796543991242171050671951666781010001920,4619780.667400571
TREE_graph__60relations__5,3,2702299394657964674587362195488651247849525540365796543991242171050671951666781010001920,11488754.291500231,2306013164174416342268061641872342065996757709214397572158419241244340265373568513475608576,11134321.826000467,2702299394657964674587362195488651247849525540365796543991242171050671951666781010001920,4619780.667400571
TREE_graph__60relations__5,4,2702299394657964674587362195488651247849525540365796543991242171050671951666781010001920,11488754.291500231,340849473728137526969561117233774464924671015522314388169498914772822464034717836437749934012639929017812765376512,11108650.801900435,2702299394657964674587362195488651247849525540365796543991242171050671951666781010001920,4619780.667400571
TREE_graph__60relations__5,5,2702299394657964674587362195488651247849525540365796543991242171050671951666781010001920,11488754.291500231,340849473728137526969561117233774464924671015522314388169498914772822464034717836437749934012639929017812765376512,11108036.607500434,2702299394657964674587362195488651247849525540365796543991242171050671951666781010001920,4619780.667400571
TREE_graph__60relations__36,1,224186434342825664796710772606321459414141275007543257495039427030550146799953432805376,10654244.675599338,224186434342825664796710772606321459414141275007543257495039427030550146799953432805376,10654244.675599338,224186434342825664796710772606321459414141275007543257495039427030550146799953432805376,4495802.2879008865
TREE_graph__60relations__36,2,224186434342825664796710772606321459414141275007543257495039427030550146799953432805376,10654244.675599338,224186434342825664796710772606321459414141275007543257495039427030550146799953432805376,10649249.140699366,224186434342825664796710772606321459414141275007543257495039427030550146799953432805376,4495802.2879008865
TREE_graph__60relations__36,3,224186434342825664796710772606321459414141275007543257495039427030550146799953432805376,10654244.675599338,224186434342825664796710772606321459414141275007543257495039427030550146799953432805376,10645534.59799936,224186434342825664796710772606321459414141275007543257495039427030550146799953432805376,4495802.2879008865
TREE_graph__60relations__36,4,224186434342825664796710772606321459414141275007543257495039427030550146799953432805376,10654244.675599338,224186434342825664796710772606321459414141275007543257495039427030550146799953432805376,10645534.59799936,224186434342825664796710772606321459414141275007543257495039427030550146799953432805376,4495802.2879008865
TREE_graph__60relations__36,5,224186434342825664796710772606321459414141275007543257495039427030550146799953432805376,10654244.675599338,224186434342825664796710772606321459414141275007543257495039427030550146799953432805376,10641994.392399283,224186434342825664796710772606321459414141275007543257495039427030550146799953432805376,4495802.2879008865
TREE_graph__60relations__17,1,85037173019770022211588732529377641795559873598199875491283932037535064426433297991551685926374286032896,10126224.131099163,85037173019770022211588732529377641795559873598199875491283932037535064426433297991551685926374286032896,10126224.131099163,85037173019770022211588732529377641795559873598199875491283932037535064426433297991551685926374286032896,4449786.136798225
TREE_graph__60relations__17,2,85037173019770022211588732529377641795559873598199875491283932037535064426433297991551685926374286032896,10126224.131099163,85037173019770022211588732529377641795559873598199875491283932037535064426433297991551685926374286032896,10125158.490099188,85037173019770022211588732529377641795559873598199875491283932037535064426433297991551685926374286032896,4449786.136798225
TREE_graph__60relations__17,3,85037173019770022211588732529377641795559873598199875491283932037535064426433297991551685926374286032896,10126224.131099163,85037173019770022211588732529377641795559873598199875491283932037535064426433297991551685926374286032896,10121340.092899125,85037173019770022211588732529377641795559873598199875491283932037535064426433297991551685926374286032896,4449786.136798225
TREE_graph__60relations__17,4,85037173019770022211588732529377641795559873598199875491283932037535064426433297991551685926374286032896,10126224.131099163,85037173019770022211588732529377641795559873598199875491283932037535064426433297991551685926374286032896,10121340.092899125,85037173019770022211588732529377641795559873598199875491283932037535064426433297991551685926374286032896,4449786.136798225
TREE_graph__60relations__17,5,85037173019770022211588732529377641795559873598199875491283932037535064426433297991551685926374286032896,10126224.131099163,85037173019770022211588732529377641795559873598199875491283932037535064426433297991551685926374286032896,10119249.066599129,85037173019770022211588732529377641795559873598199875491283932037535064426433297991551685926374286032896,4449786.136798225
TREE_graph__60relations__6,1,33288562859631744188513499245349087089798942251004976068488251111172474450339453599296920973233605454630702593081344,10840336.966699624,33288562859631744188513499245349087089798942251004976068488251111172474450339453599296920973233605454630702593081344,10840336.966699624,33288562859631744188513499245349087089798942251004976068488251111172474450339453599296920973233605454630702593081344,4554649.346899519
TREE_graph__60relations__6,2,33288562859631744188513499245349087089798942251004976068488251111172474450339453599296920973233605454630702593081344,10840336.966699624,5403321862139864343918754516286286379050809324801825152371957271205173652786550030519957465857894899448283136,10787105.611299677,33288562859631744188513499245349087089798942251004976068488251111172474450339453599296920973233605454630702593081344,4554649.346899519
TREE_graph__60relations__6,3,33288562859631744188513499245349087089798942251004976068488251111172474450339453599296920973233605454630702593081344,10840336.966699624,8700395638863703361140145426419414656396568153715631614133640855082919856533915865321170846687043101130752,10641371.63729957,33288562859631744188513499245349087089798942251004976068488251111172474450339453599296920973233605454630702593081344,4554649.346899519
TREE_graph__60relations__6,4,33288562859631744188513499245349087089798942251004976068488251111172474450339453599296920973233605454630702593081344,10840336.966699624,8700395638863703361140145426419414656396568153715631614133640855082919856533915865321170846687043101130752,10634248.953499636,33288562859631744188513499245349087089798942251004976068488251111172474450339453599296920973233605454630702593081344,4554649.346899519
TREE_graph__60relations__6,5,33288562859631744188513499245349087089798942251004976068488251111172474450339453599296920973233605454630702593081344,10840336.966699624,8700395638863703361140145426419414656396568153715631614133640855082919856533915865321170846687043101130752,10634248.953499636,33288562859631744188513499245349087089798942251004976068488251111172474450339453599296920973233605454630702593081344,4554649.346899519
TREE_graph__60relations__37,1,4884786525208746653862218475674400234794933726705223844047836996674900167095144717572532746407903232,10782925.599100487,4884786525208746653862218475674400234794933726705223844047836996674900167095144717572532746407903232,10782925.599100487,4884786525208746653862218475674400234794933726705223844047836996674900167095144717572532746407903232,4629745.729301838
TREE_graph__60relations__37,2,4884786525208746653862218475674400234794933726705223844047836996674900167095144717572532746407903232,10782925.599100487,4884786525208746653862218475674400234794933726705223844047836996674900167095144717572532746407903232,10782178.60260052,4884786525208746653862218475674400234794933726705223844047836996674900167095144717572532746407903232,4629745.729301838
TREE_graph__60relations__37,3,4884786525208746653862218475674400234794933726705223844047836996674900167095144717572532746407903232,10782925.599100487,867237768024723442174410996846033173249625295111707210060398783134862142241337756033275133952,10613926.972100478,4884786525208746653862218475674400234794933726705223844047836996674900167095144717572532746407903232,4629745.729301838
TREE_graph__60relations__37,4,4884786525208746653862218475674400234794933726705223844047836996674900167095144717572532746407903232,10782925.599100487,867237768024723442174410996846033173249625295111707210060398783134862142241337756033275133952,10612751.818500498,4884786525208746653862218475674400234794933726705223844047836996674900167095144717572532746407903232,4629745.729301838
TREE_graph__60relations__37,5,4884786525208746653862218475674400234794933726705223844047836996674900167095144717572532746407903232,10782925.599100487,867237768024723442174410996846033173249625295111707210060398783134862142241337756033275133952,10612751.818500498,4884786525208746653862218475674400234794933726705223844047836996674900167095144717572532746407903232,4629745.729301838
TREE_graph__60relations__45,1,321441452979210538078960621188952616958475964419150237983296510869873886780447512337653095754551525376,10802780.396201,321441452979210538078960621188952616958475964419150237983296510869873886780447512337653095754551525376,10802780.396201,321441452979210538078960621188952616958475964419150237983296510869873886780447512337653095754551525376,4631375.806499231
TREE_graph__60relations__45,2,321441452979210538078960621188952616958475964419150237983296510869873886780447512337653095754551525376,10802780.396201,9388421517828947705940123360364323745735360713661231010409500445397666753587320372508938469376,10613828.579700932,321441452979210538078960621188952616958475964419150237983296510869873886780447512337653095754551525376,4631375.806499231
TREE_graph__60relations__45,3,321441452979210538078960621188952616958475964419150237983296510869873886780447512337653095754551525376,10802780.396201,9388421517828947705940123360364323745735360713661231010409500445397666753587320372508938469376,10611494.26920095,321441452979210538078960621188952616958475964419150237983296510869873886780447512337653095754551525376,4631375.806499231
TREE_graph__60relations__45,4,321441452979210538078960621188952616958475964419150237983296510869873886780447512337653095754551525376,10802780.396201,10983345582027748703056569833946736391353210440274844261605665720905603963113078521856,10610191.74900091,321441452979210538078960621188952616958475964419150237983296510869873886780447512337653095754551525376,4631375.806499231
TREE_graph__60relations__45,5,321441452979210538078960621188952616958475964419150237983296510869873886780447512337653095754551525376,10802780.396201,10983345582027748703056569833946736391353210440274844261605665720905603963113078521856,10609156.184900975,321441452979210538078960621188952616958475964419150237983296510869873886780447512337653095754551525376,4631375.806499231
TREE_graph__60relations__48,1,36234977304624954233905686455046796221710781584172539879864907216561551853519104411274334075405181952144179200,10821908.976700574,36234977304624954233905686455046796221710781584172539879864907216561551853519104411274334075405181952144179200,10821908.976700574,36234977304624954233905686455046796221710781584172539879864907216561551853519104411274334075405181952144179200,4603041.402399593
TREE_graph__60relations__48,2,36234977304624954233905686455046796221710781584172539879864907216561551853519104411274334075405181952144179200,10821908.976700574,206119532567177890139617351584981407091120747443456663652667544158396518028522516199243776,10628330.066700563,36234977304624954233905686455046796221710781584172539879864907216561551853519104411274334075405181952144179200,4603041.402399593
TREE_graph__60relations__48,3,36234977304624954233905686455046796221710781584172539879864907216561551853519104411274334075405181952144179200,10821908.976700574,206119532567177890139617351584981407091120747443456663652667544158396518028522516199243776,10625604.717900595,36234977304624954233905686455046796221710781584172539879864907216561551853519104411274334075405181952144179200,4603041.402399593
TREE_graph__60relations__48,4,36234977304624954233905686455046796221710781584172539879864907216561551853519104411274334075405181952144179200,10821908.976700574,206119532567177890139617351584981407091120747443456663652667544158396518028522516199243776,10625471.899900554,36234977304624954233905686455046796221710781584172539879864907216561551853519104411274334075405181952144179200,4603041.402399593
TREE_graph__60relations__48,5,36234977304624954233905686455046796221710781584172539879864907216561551853519104411274334075405181952144179200,10821908.976700574,206119532567177890139617351584981407091120747443456663652667544158396518028522516199243776,10623511.960900558,36234977304624954233905686455046796221710781584172539879864907216561551853519104411274334075405181952144179200,4603041.402399593
TREE_graph__60relations__46,1,39991198263841400377834696092446588763150843476193442770820395189580228198400,10929535.452700112,39991198263841400377834696092446588763150843476193442770820395189580228198400,10929535.452700112,39991198263841400377834696092446588763150843476193442770820395189580228198400,4573408.209700025
TREE_graph__60relations__46,2,39991198263841400377834696092446588763150843476193442770820395189580228198400,10929535.452700112,17153115656324757377105353180934229255714860614828846724383162917315967348987769695528797687935428659835382018342912,10851195.352900207,39991198263841400377834696092446588763150843476193442770820395189580228198400,4573408.209700025
TREE_graph__60relations__46,3,39991198263841400377834696092446588763150843476193442770820395189580228198400,10929535.452700112,6370748700369333171476307498253222851844282157239684306940294310698978890303668613988886672418114586012366983812982268493824,10811077.383000135,39991198263841400377834696092446588763150843476193442770820395189580228198400,4573408.209700025
TREE_graph__60relations__46,4,39991198263841400377834696092446588763150843476193442770820395189580228198400,10929535.452700112,6370748700369333171476307498253222851844282157239684306940294310698978890303668613988886672418114586012366983812982268493824,10811077.383000135,39991198263841400377834696092446588763150843476193442770820395189580228198400,4573408.209700025
TREE_graph__60relations__46,5,39991198263841400377834696092446588763150843476193442770820395189580228198400,10929535.452700112,6370748700369333171476307498253222851844282157239684306940294310698978890303668613988886672418114586012366983812982268493824,10805130.538300106,39991198263841400377834696092446588763150843476193442770820395189580228198400,4573408.209700025
TREE_graph__60relations__40,1,6679403117129338292849131435355595403323015332050210645546979925694042499803947375999052452960800519418281984,10719114.39360019,6679403117129338292849131435355595403323015332050210645546979925694042499803947375999052452960800519418281984,10719114.39360019,6679403117129338292849131435355595403323015332050210645546979925694042499803947375999052452960800519418281984,4487313.705100163
TREE_graph__60relations__40,2,6679403117129338292849131435355595403323015332050210645546979925694042499803947375999052452960800519418281984,10719114.39360019,6679403117129338292849131435355595403323015332050210645546979925694042499803947375999052452960800519418281984,10719114.39360019,6679403117129338292849131435355595403323015332050210645546979925694042499803947375999052452960800519418281984,4487313.705100163
TREE_graph__60relations__40,3,6679403117129338292849131435355595403323015332050210645546979925694042499803947375999052452960800519418281984,10719114.39360019,6679403117129338292849131435355595403323015332050210645546979925694042499803947375999052452960800519418281984,10715829.735900223,6679403117129338292849131435355595403323015332050210645546979925694042499803947375999052452960800519418281984,4487313.705100163
TREE_graph__60relations__40,4,6679403117129338292849131435355595403323015332050210645546979925694042499803947375999052452960800519418281984,10719114.39360019,6679403117129338292849131435355595403323015332050210645546979925694042499803947375999052452960800519418281984,10713686.988500185,6679403117129338292849131435355595403323015332050210645546979925694042499803947375999052452960800519418281984,4487313.705100163
TREE_graph__60relations__40,5,6679403117129338292849131435355595403323015332050210645546979925694042499803947375999052452960800519418281984,10719114.39360019,6679403117129338292849131435355595403323015332050210645546979925694042499803947375999052452960800519418281984,10713686.988500185,6679403117129338292849131435355595403323015332050210645546979925694042499803947375999052452960800519418281984,4487313.705100163
TREE_graph__60relations__28,1,88095013521996412555461030483714879151089617760399568253856044375569828205721288704,10958130.720200006,88095013521996412555461030483714879151089617760399568253856044375569828205721288704,10958130.720200006,88095013521996412555461030483714879151089617760399568253856044375569828205721288704,4485674.280501219
TREE_graph__60relations__28,2,88095013521996412555461030483714879151089617760399568253856044375569828205721288704,10958130.720200006,3567589983088809347918415659473536434136166121268391036647574793902422240307288633255975281594728448,10881259.932499977,88095013521996412555461030483714879151089617760399568253856044375569828205721288704,4485674.280501219
TREE_graph__60relations__28,3,88095013521996412555461030483714879151089617760399568253856044375569828205721288704,10958130.720200006,3567589983088809347918415659473536434136166121268391036647574793902422240307288633255975281594728448,10881259.932499977,88095013521996412555461030483714879151089617760399568253856044375569828205721288704,4485674.280501219
TREE_graph__60relations__28,4,88095013521996412555461030483714879151089617760399568253856044375569828205721288704,10958130.720200006,3567589983088809347918415659473536434136166121268391036647574793902422240307288633255975281594728448,10878285.160199903,88095013521996412555461030483714879151089617760399568253856044375569828205721288704,4485674.280501219
TREE_graph__60relations__28,5,88095013521996412555461030483714879151089617760399568253856044375569828205721288704,10958130.720200006,3567589983088809347918415659473536434136166121268391036647574793902422240307288633255975281594728448,10878285.160199903,88095013521996412555461030483714879151089617760399568253856044375569828205721288704,4485674.280501219
TREE_graph__60relations__11,1,1346590385342491511639177325828096235207814553265948831203643733632775099928337711104,10465497.904300373,1346590385342491511639177325828096235207814553265948831203643733632775099928337711104,10465497.904300373,1346590385342491511639177325828096235207814553265948831203643733632775099928337711104,4531971.763300693
TREE_graph__60relations__11,2,1346590385342491511639177325828096235207814553265948831203643733632775099928337711104,10465497.904300373,1346590385342491511639177325828096235207814553265948831203643733632775099928337711104,10458993.073800337,1346590385342491511639177325828096235207814553265948831203643733632775099928337711104,4531971.763300693
TREE_graph__60relations__11,3,1346590385342491511639177325828096235207814553265948831203643733632775099928337711104,10465497.904300373,1346590385342491511639177325828096235207814553265948831203643733632775099928337711104,10458993.073800337,1346590385342491511639177325828096235207814553265948831203643733632775099928337711104,4531971.763300693
TREE_graph__60relations__11,4,1346590385342491511639177325828096235207814553265948831203643733632775099928337711104,10465497.904300373,1346590385342491511639177325828096235207814553265948831203643733632775099928337711104,10457466.83360028,1346590385342491511639177325828096235207814553265948831203643733632775099928337711104,4531971.763300693
TREE_graph__60relations__11,5,1346590385342491511639177325828096235207814553265948831203643733632775099928337711104,10465497.904300373,1346590385342491511639177325828096235207814553265948831203643733632775099928337711104,10457183.601100385,1346590385342491511639177325828096235207814553265948831203643733632775099928337711104,4531971.763300693
TREE_graph__60relations__20,1,60409776890526189872227054185864415984788575955159603731463129019323157683016480270439964037700818999365861376,10501304.590399068,60409776890526189872227054185864415984788575955159603731463129019323157683016480270439964037700818999365861376,10501304.590399068,60409776890526189872227054185864415984788575955159603731463129019323157683016480270439964037700818999365861376,4499446.531901607
TREE_graph__60relations__20,2,60409776890526189872227054185864415984788575955159603731463129019323157683016480270439964037700818999365861376,10501304.590399068,60409776890526189872227054185864415984788575955159603731463129019323157683016480270439964037700818999365861376,10498332.335799139,60409776890526189872227054185864415984788575955159603731463129019323157683016480270439964037700818999365861376,4499446.531901607
TREE_graph__60relations__20,3,60409776890526189872227054185864415984788575955159603731463129019323157683016480270439964037700818999365861376,10501304.590399068,60409776890526189872227054185864415984788575955159603731463129019323157683016480270439964037700818999365861376,10491545.871399129,60409776890526189872227054185864415984788575955159603731463129019323157683016480270439964037700818999365861376,4499446.531901607
TREE_graph__60relations__20,4,60409776890526189872227054185864415984788575955159603731463129019323157683016480270439964037700818999365861376,10501304.590399068,60409776890526189872227054185864415984788575955159603731463129019323157683016480270439964037700818999365861376,10489047.25399906,60409776890526189872227054185864415984788575955159603731463129019323157683016480270439964037700818999365861376,4499446.531901607
TREE_graph__60relations__20,5,60409776890526189872227054185864415984788575955159603731463129019323157683016480270439964037700818999365861376,10501304.590399068,60409776890526189872227054185864415984788575955159603731463129019323157683016480270439964037700818999365861376,10489047.25399906,60409776890526189872227054185864415984788575955159603731463129019323157683016480270439964037700818999365861376,4499446.531901607
TREE_graph__60relations__24,1,834762156431399827032339943830370957911489842720363824808024779008588007087487569168076636160,10483450.737299697,834762156431399827032339943830370957911489842720363824808024779008588007087487569168076636160,10483450.737299697,834762156431399827032339943830370957911489842720363824808024779008588007087487569168076636160,4577951.9997003
TREE_graph__60relations__24,2,834762156431399827032339943830370957911489842720363824808024779008588007087487569168076636160,10483450.737299697,834762156431399827032339943830370957911489842720363824808024779008588007087487569168076636160,10482961.364899687,834762156431399827032339943830370957911489842720363824808024779008588007087487569168076636160,4577951.9997003
TREE_graph__60relations__24,3,834762156431399827032339943830370957911489842720363824808024779008588007087487569168076636160,10483450.737299697,9259612952971631798723963521105701852742662701400275079056315436274717056682596046050168665626640384,10419941.966699734,834762156431399827032339943830370957911489842720363824808024779008588007087487569168076636160,4577951.9997003
TREE_graph__60relations__24,4,834762156431399827032339943830370957911489842720363824808024779008588007087487569168076636160,10483450.737299697,9259612952971631798723963521105701852742662701400275079056315436274717056682596046050168665626640384,10419941.966699734,834762156431399827032339943830370957911489842720363824808024779008588007087487569168076636160,4577951.9997003
TREE_graph__60relations__24,5,834762156431399827032339943830370957911489842720363824808024779008588007087487569168076636160,10483450.737299697,199528781867735986063797789484471798191289692531832233388595033354358621523207017377120870501377368941133824,10393341.726799645,834762156431399827032339943830370957911489842720363824808024779008588007087487569168076636160,4577951.9997003
TREE_graph__60relations__9,1,7582924390573748049116337200401477540941682314933782316493814753107100247943896700551168,10669930.437599812,7582924390573748049116337200401477540941682314933782316493814753107100247943896700551168,10669930.437599812,7582924390573748049116337200401477540941682314933782316493814753107100247943896700551168,4589264.913499861
TREE_graph__60relations__9,2,7582924390573748049116337200401477540941682314933782316493814753107100247943896700551168,10669930.437599812,7582924390573748049116337200401477540941682314933782316493814753107100247943896700551168,10669522.132999793,7582924390573748049116337200401477540941682314933782316493814753107100247943896700551168,4589264.913499861
TREE_graph__60relations__9,3,7582924390573748049116337200401477540941682314933782316493814753107100247943896700551168,10669930.437599812,154586456665835223021485487038804762237351312521438333007108704993000307198613916022802807313549477543936,10595497.06979978,7582924390573748049116337200401477540941682314933782316493814753107100247943896700551168,4589264.913499861
TREE_graph__60relations__9,4,7582924390573748049116337200401477540941682314933782316493814753107100247943896700551168,10669930.437599812,154586456665835223021485487038804762237351312521438333007108704993000307198613916022802807313549477543936,10592093.936299788,7582924390573748049116337200401477540941682314933782316493814753107100247943896700551168,4589264.913499861
TREE_graph__60relations__9,5,7582924390573748049116337200401477540941682314933782316493814753107100247943896700551168,10669930.437599812,154586456665835223021485487038804762237351312521438333007108704993000307198613916022802807313549477543936,10590794.19689978,7582924390573748049116337200401477540941682314933782316493814753107100247943896700551168,4589264.913499861
TREE_graph__60relations__38,1,1401032837516188532655727854153077553878150929145681948327766209536482579359189825259429065896900036825861682964056695507219644416,10680729.25730004,1401032837516188532655727854153077553878150929145681948327766209536482579359189825259429065896900036825861682964056695507219644416,10680729.25730004,1401032837516188532655727854153077553878150929145681948327766209536482579359189825259429065896900036825861682964056695507219644416,4554636.0781016415
TREE_graph__60relations__38,2,1401032837516188532655727854153077553878150929145681948327766209536482579359189825259429065896900036825861682964056695507219644416,10680729.25730004,1401032837516188532655727854153077553878150929145681948327766209536482579359189825259429065896900036825861682964056695507219644416,10670787.672400057,1401032837516188532655727854153077553878150929145681948327766209536482579359189825259429065896900036825861682964056695507219644416,4554636.0781016415
TREE_graph__60relations__38,3,1401032837516188532655727854153077553878150929145681948327766209536482579359189825259429065896900036825861682964056695507219644416,10680729.25730004,1401032837516188532655727854153077553878150929145681948327766209536482579359189825259429065896900036825861682964056695507219644416,10670787.672400057,1401032837516188532655727854153077553878150929145681948327766209536482579359189825259429065896900036825861682964056695507219644416,4554636.0781016415
TREE_graph__60relations__38,4,1401032837516188532655727854153077553878150929145681948327766209536482579359189825259429065896900036825861682964056695507219644416,10680729.25730004,1401032837516188532655727854153077553878150929145681948327766209536482579359189825259429065896900036825861682964056695507219644416,10670787.672400057,1401032837516188532655727854153077553878150929145681948327766209536482579359189825259429065896900036825861682964056695507219644416,4554636.0781016415
TREE_graph__60relations__38,5,1401032837516188532655727854153077553878150929145681948327766209536482579359189825259429065896900036825861682964056695507219644416,10680729.25730004,1401032837516188532655727854153077553878150929145681948327766209536482579359189825259429065896900036825861682964056695507219644416,10668105.992100047,1401032837516188532655727854153077553878150929145681948327766209536482579359189825259429065896900036825861682964056695507219644416,4554636.0781016415
TREE_graph__60relations__16,1,1989391955809798153367001032507414805720050978006539924583104006497854642283930529598983153900150295340615857078272,10872476.27450061,1989391955809798153367001032507414805720050978006539924583104006497854642283930529598983153900150295340615857078272,10872476.27450061,1989391955809798153367001032507414805720050978006539924583104006497854642283930529598983153900150295340615857078272,4599460.459398629
TREE_graph__60relations__16,2,1989391955809798153367001032507414805720050978006539924583104006497854642283930529598983153900150295340615857078272,10872476.27450061,513552248328922106576142943470203341211947104919228832252513192600355733504,10843189.593200626,1989391955809798153367001032507414805720050978006539924583104006497854642283930529598983153900150295340615857078272,4599460.459398629
TREE_graph__60relations__16,3,1989391955809798153367001032507414805720050978006539924583104006497854642283930529598983153900150295340615857078272,10872476.27450061,310269186915784276755002821969536110443900762372643757479233567472028659092036017370228412537358840818032443392,10657928.831700576,1989391955809798153367001032507414805720050978006539924583104006497854642283930529598983153900150295340615857078272,4599460.459398629
TREE_graph__60relations__16,4,1989391955809798153367001032507414805720050978006539924583104006497854642283930529598983153900150295340615857078272,10872476.27450061,310269186915784276755002821969536110443900762372643757479233567472028659092036017370228412537358840818032443392,10652844.756600581,1989391955809798153367001032507414805720050978006539924583104006497854642283930529598983153900150295340615857078272,4599460.459398629
TREE_graph__60relations__16,5,1989391955809798153367001032507414805720050978006539924583104006497854642283930529598983153900150295340615857078272,10872476.27450061,310269186915784276755002821969536110443900762372643757479233567472028659092036017370228412537358840818032443392,10652844.756600581,1989391955809798153367001032507414805720050978006539924583104006497854642283930529598983153900150295340615857078272,4599460.459398629
